Model,RMSE,MAE,Precision@10,Recall@10,F1@10
Global Mean,1.1238599168296066,0.9419550125,0.5920367494824016,0.666076130765204,0.6268778478580351
User Mean,1.041744757128949,0.8346363157520161,0.5920367494824016,0.666076130765204,0.6268778478580351
Item Mean,1.0209640682297232,0.8122727061657699,0.680406314699793,0.7251756693807553,0.7020780150879332
Popularity,1.0203593793895032,0.8117148805407698,0.680406314699793,0.7251756693807553,0.7020780150879332
Random,1.676342868228259,1.363342357372552,0.591601966873706,0.6662806882251202,0.6267245423031598
User-Based CF (k=20),0.9405844576096375,0.7365653959010305,0.6874715320910973,0.7312282668422778,0.7086751084229711
