Model,RMSE,MAE,Precision@10,Recall@10,F1@10
Content-Based (Genres),1.139370798736934,0.9084586543560154,0.6173628364389234,0.6839864571849816,0.648969221964426
