Model,RMSE,MAE,Precision@10,Recall@10,F1@10
Weighted Hybrid (CF 0.6 + CB 0.3 + POP 0.1),0.9446789213445641,0.7451338470176537,0.6855150103519668,0.7292214998497072,0.7066931268312118
