Model,RMSE,MAE,Precision@10,Recall@10,F1@10
Item-Based CF (k=20),0.9163603348349588,0.7147332984829138,0.692906314699793,0.7336739954074233,0.7127076418300259
SVD (k=20),0.9890603870361773,0.7827522472068368,0.6798628364389234,0.7208485605810562,0.699756064071722
SVD (k=50),1.003101833731103,0.7958677420941985,0.6658410973084885,0.7123891936445325,0.688329092054694
